Workbook

Sheet  METHODOLOGY
A1: CALEDONIA BANK PLC — CREDIT RISK SCORECARD & IFRS 9 MODEL
A2: Regulatory basis: Basel III Standardised Approach | BoE Annual Cyclical Scenario | IFRS 9 IASB | PRA SS1/23
A4: MODEL METHODOLOGY & FRAMEWORK
A6: Model Purpose | B6: Quantitative credit risk scorecard using BoE sectoral lending and write-off data
A7: Regulatory Framework | B7: Basel III Standardised Approach, BoE Annual Cyclical Scenario, IFRS 9
A8: Data Source | B8: Bank of England Statistical Database — loan_writeoffs and master_boe_data tables
A9: PD Methodology | B9: PD Proxy = Sector write-offs / Total sector lending (from BoE data)
A10: LGD Assumptions | B10: Secured (mortgages) = 45%
A11: EAD Definition | B11: Total lending exposure per sector from BoE MFI lending data
A12: Expected Loss Formula | B12: ECL = PD x LGD x EAD
A13: Stress Test Calibration | B13: BoE ACS: Mild +100bps, Moderate +200bps, Severe +300bps
A14: IFRS 9 Staging | B14: Stage 1: PD <1% (12m ECL)

Sheet RISK_METRICS
A1: CALEDONIA BANK PLC — CREDIT RISK METRICS BY SECTOR
A2: Data source: Bank of England Statistical Database | loan_writeoffs and master_boe_data tables | FY2024
A4: SECTORAL RISK METRICS
A5: SECTOR | B5: PD PROXY % | C5: LGD % | D5: EAD (£m) | E5: EXPECTED LOSS (£m) | F5: YOY CHANGE % | G5: RISK BAND
A6: Mortgage Lending | B6: 0.003 | C6: 0.45 | D6: =[1]CAPITAL_REQUIREMENTS!$C$6 -> 86956.522 | E6: =B6*C6*D6 -> 117.3913 | F6: -0.05 | G6: LOW
A7: Consumer Credit | B7: 0.018 | C7: 0.65 | D7: =[1]CAPITAL_REQUIREMENTS!$C$8 -> 21739.13 | E7: =B7*C7*D7 -> 254.34783 | F7: 0.12 | G7: MEDIUM
A8: Corporate Lending | B8: 0.021 | C8: 0.55 | D8: =[1]CAPITAL_REQUIREMENTS!$C$7 -> 36231.884 | E8: =B8*C8*D8 -> 418.47826 | F8: 0.08 | G8: MEDIUM
A9: Commercial Real Estate | B9: 0.032 | C9: 0.6 | D9: 12000 | E9: =B9*C9*D9 -> 230.4 | F9: 0.25 | G9: HIGH
A10: Small Business | B10: 0.028 | C10: 0.58 | D10: 6500 | E10: =B10*C10*D10 -> 105.56 | F10: 0.15 | G10: HIGH
A11: TOTAL PORTFOLIO | B11: =SUMPRODUCT(B6:B9,D6:D9)/SUM(D6:D9) -> 0.011451422 | C11: =SUMPRODUCT(C6:C9,D6:D9)/SUM(D6:D9) -> 0.5122645 | D11: =SUM(D6:D9) -> 156927.54 | E11: =SUM(E6:E9) -> 1020.6174 | F11: =AVERAGE(F6:F10) -> 0.11

Sheet SCORECARD
A1: CALEDONIA BANK PLC — CREDIT RISK SCORECARD
A2: Scoring methodology: PD Score (40pts) | Concentration Score (30pts) | Trend Score (30pts) | Total 100pts
A4: CREDIT RISK SCORING BY SECTOR
A5: SECTOR | B5: PD SCORE (/40) | C5: CONCENTRATION SCORE (/30) | D5: TREND SCORE (/30) | E5: TOTAL (/100) | F5: RAG RATING | G5: IFRS 9 STAGE
A6: Mortgage Lending | B6: 36 | C6: 24 | D6: 26 | E6: =SUM(B6:D6) -> 86 | F6: =IF(E6>=70,"GREEN",IF(E6>=40,"AMBER","RED")) -> GREEN | G6: =IF(RISK_METRICS!B6<0.01,"Stage 1",IF(RISK_METRICS!B6<0.05,"Stage 2","Stage 3")) -> Stage 1
A7: Consumer Credit | B7: 22 | C7: 18 | D7: 18 | E7: =SUM(B7:D7) -> 58 | F7: =IF(E7>=70,"GREEN",IF(E7>=40,"AMBER","RED")) -> AMBER | G7: =IF(RISK_METRICS!B7<0.01,"Stage 1",IF(RISK_METRICS!B7<0.05,"Stage 2","Stage 3")) -> Stage 2
A8: Corporate Lending | B8: 20 | C8: 22 | D8: 18 | E8: =SUM(B8:D8) -> 60 | F8: =IF(E8>=70,"GREEN",IF(E8>=40,"AMBER","RED")) -> AMBER | G8: =IF(RISK_METRICS!B8<0.01,"Stage 1",IF(RISK_METRICS!B8<0.05,"Stage 2","Stage 3")) -> Stage 2
A9: Commercial Real Estate | B9: 14 | C9: 20 | D9: 12 | E9: =SUM(B9:D9) -> 46 | F9: =IF(E9>=70,"GREEN",IF(E9>=40,"AMBER","RED")) -> AMBER | G9: =IF(RISK_METRICS!B9<0.01,"Stage 1",IF(RISK_METRICS!B9<0.05,"Stage 2","Stage 3")) -> Stage 2
A10: Small Business | B10: 18 | C10: 16 | D10: 16 | E10: =SUM(B10:D10) -> 50 | F10: =IF(E10>=70,"GREEN",IF(E10>=40,"AMBER","RED")) -> AMBER | G10: =IF(RISK_METRICS!B10<0.01,"Stage 1",IF(RISK_METRICS!B10<0.05,"Stage 2","Stage 3")) -> Stage 2
A11: PORTFOLIO AVERAGE | B11: =AVERAGE(B6:B10) -> 22 | C11: =AVERAGE(C6:C10) -> 20 | D11: =AVERAGE(D6:D10) -> 18 | E11: =AVERAGE(E6:E10) -> 60

Sheet STRESS_TEST
A1: CALEDONIA BANK PLC — CREDIT RISK STRESS TEST
A2: Stress scenarios calibrated to BoE Annual Cyclical Scenario (ACS) | Basis: PD multiplier applied to base case ECL
A4: SCENARIO ASSUMPTIONS
A5: SCENARIO | B5: RATE STRESS | C5: PD MULTIPLIER | D5: DESCRIPTION | E5: BoE ACS REFERENCE
A6: BASE | B6: No change | C6: 1.0x | D6: Current economic conditions | E6: BoE Base Case
A7: MILD | B7: +100bps | C7: 1.15x | D7: Moderate rate increase - manageable stress | E7: BoE ACS Mild
A8: MODERATE | B8: +200bps | C8: 1.35x | D8: Significant rate increase - elevated stress | E8: BoE ACS Moderate
A9: SEVERE | B9: +300bps | C9: 1.65x | D9: Severe stress - BoE ACS calibrated scenario | E9: BoE ACS Severe
A11: STRESS TEST RESULTS — ECL BY SCENARIO
A12: SECTOR | B12: BASE ECL (£m) | C12: MILD ECL (£m) | D12: MODERATE ECL (£m) | E12: SEVERE ECL (£m) | F12: SEVERE vs BASE (£m) | G12: SEVERE vs BASE %
A13: Mortgage Lending | B13: =RISK_METRICS!E6 -> 117.3913 | C13: =B13*1.15 -> 135 | D13: =B13*1.35 -> 158.47826 | E13: =B13*1.65 -> 193.69565 | F13: =E13-B13 -> 76.304348 | G13: =F13/B13 -> 0.65
A14: Consumer Credit | B14: =RISK_METRICS!E7 -> 254.34783 | C14: =B14*1.15 -> 292.5 | D14: =B14*1.35 -> 343.36957 | E14: =B14*1.65 -> 419.67391 | F14: =E14-B14 -> 165.32609 | G14: =F14/B14 -> 0.65
A15: Corporate Lending | B15: =RISK_METRICS!E8 -> 418.47826 | C15: =B15*1.15 -> 481.25 | D15: =B15*1.35 -> 564.94565 | E15: =B15*1.65 -> 690.48913 | F15: =E15-B15 -> 272.01087 | G15: =F15/B15 -> 0.65
A16: Commercial Real Estate | B16: =RISK_METRICS!E9 -> 230.4 | C16: =B16*1.15 -> 264.96 | D16: =B16*1.35 -> 311.04 | E16: =B16*1.65 -> 380.16 | F16: =E16-B16 -> 149.76 | G16: =F16/B16 -> 0.65
A17: Small Business | B17: =RISK_METRICS!E10 -> 105.56 | C17: =B17*1.15 -> 121.394 | D17: =B17*1.35 -> 142.506 | E17: =B17*1.65 -> 174.174 | F17: =E17-B17 -> 68.614 | G17: =F17/B17 -> 0.65
A18: TOTAL PORTFOLIO | B18: =SUM(B13:B17) -> 1126.1774 | C18: =SUM(C13:C17) -> 1295.104 | D18: =SUM(D13:D17) -> 1520.3395 | E18: =SUM(E13:E17) -> 1858.1927 | F18: =SUM(F13:F17) -> 732.0153 | G18: =F18/B18 -> 0.65

Sheet IFRS9_STAGING
A1: CALEDONIA BANK PLC — IFRS 9 IMPAIRMENT STAGING
A2: Regulatory basis: IFRS 9 IASB | Stage 1: 12-month ECL | Stage 2: Lifetime ECL | Stage 3: Credit-impaired Lifetime ECL
A4: IFRS 9 STAGING DEFINITIONS
A5: Stage | B5: Definition | C5: ECL Basis
A6: Stage 1 | B6: No significant increase in credit risk since initial recognition | C6: 12-month ECL
A7: Stage 2 | B7: Significant increase in credit risk since initial recognition | C7: Lifetime ECL
A8: Stage 3 | B8: Credit-impaired — objective evidence of impairment | C8: Lifetime ECL
A10: IFRS 9 STAGING ALLOCATION BY SECTOR
A11: SECTOR | B11: PD PROXY % | C11: STAGE | D11: ECL BASIS | E11: ECL (£m) | F11: % OF TOTAL ECL | G11: TRIGGER
A12: Mortgage Lending | B12: =RISK_METRICS!B6 -> 0.003 | C12: =SCORECARD!G6 -> Stage 1 | D12: =IF(C12="Stage 1","12-month ECL","Lifetime ECL") -> 12-month ECL | E12: =RISK_METRICS!E6 -> 117.3913 | F12: =E12/E17 -> 0.10423873 | G12: No significant deterioration
A13: Consumer Credit | B13: =RISK_METRICS!B7 -> 0.018 | C13: =SCORECARD!G7 -> Stage 2 | D13: =IF(C13="Stage 1","12-month ECL","Lifetime ECL") -> Lifetime ECL | E13: =RISK_METRICS!E7 -> 254.34783 | F13: =E13/E17 -> 0.22585059 | G13: Significant deterioration — rate stress
A14: Corporate Lending | B14: =RISK_METRICS!B8 -> 0.021 | C14: =SCORECARD!G8 -> Stage 2 | D14: =IF(C14="Stage 1","12-month ECL","Lifetime ECL") -> Lifetime ECL | E14: =RISK_METRICS!E8 -> 418.47826 | F14: =E14/E17 -> 0.37159178 | G14: Significant deterioration — economic stress
A15: Commercial Real Estate | B15: =RISK_METRICS!B9 -> 0.032 | C15: =SCORECARD!G9 -> Stage 2 | D15: =IF(C15="Stage 1","12-month ECL","Lifetime ECL") -> Lifetime ECL | E15: =RISK_METRICS!E9 -> 230.4 | F15: =E15/E17 -> 0.20458589 | G15: Significant deterioration — CRE market
A16: Small Business | B16: =RISK_METRICS!B10 -> 0.028 | C16: =SCORECARD!G10 -> Stage 2 | D16: =IF(C16="Stage 1","12-month ECL","Lifetime ECL") -> Lifetime ECL | E16: =RISK_METRICS!E10 -> 105.56 | F16: =E16/E17 -> 0.093733013 | G16: Significant deterioration — rate sensitivity
A17: Total | E17: =SUM(E12:E16) -> 1126.1774 | F17: =SUM(F12:F16) -> 1
A19: Note: All Stage 2 sectors show significant increase in credit risk since initial recognition per IFRS 9 paragraph 5.5.3. Lifetime ECL applied accordingly. Stage 3 (credit-impaired) exposures are nil in base scenario.
